Andhra Pradesh,104,103,103,107,106,105,103.1,103.6,108,105,104.9,106,106.1,105.88,108.6,107.4,107.6,106,110.8,109.6,107.8,109,110.9,112.1,110,112,113.3,111.3,111.9,112.2,113,114.1,112.6,113.3,114,113.2,108.65,114.5,115.2,113.3,113.9,113.8,113.8,116,116.8,114.1,114,119.7,119.6,119.3,118.9,119.3,119.7,116.8,113.7,115.8,118.7,116.8,120,120.1,115.6,118.6,119.8,120.5,120.5,120.8,120.6,124.6,121.1,122.2,124.6,121.5,121.2,118.21,120.9,121.7,127.3,121.5,126.9,121.8,128.4,121.9,121.7,125.1,128.2,122.7,122.7,123.4,123,125.8,125.6,128.7,122.6,125.9,124.2,123.1,127,131.5,128.4,125,125.3,126.2,127.8,124.7,127.1,133.2,125.6,126.6,131.4,123.7,125.46,125.8,130.9,128.9,126.1,130.5,126.2,130.5,132.7,132.1,131.1,128.2,128.7,131.7,131.4,130.6,130.5,130.4,128.1,133.2,131.7,126.4,131.3,132.5,127.4,126.9,128.3,129.7,126.6,127.3,131.9,126.7,132.4,132.6,129.4,131.5,133.4,129.82,134.2,128.3,131,129.7,127.5,128.9,131.1,132.7,135.7,131.8,135.4,134.2,132.1,134,132.9,135.8,133.7,134.9,135.1,135.4,134.4,133.9,137.2,134.3,137,135.4,134.7,134.3,135.6,135.6,134.1,137.2,137.5,136.8,133.9,135.9,133.95,134.6,135.8,136.6,134.5,137,136.8,136.5,136.6,135,136.8,136,137.5,135.3,134.6,136.2,137,135.3,136.9,136.6,135.4,137.1,136.8,137.2,137.5,137.3,136.3,137,137.6,138.9,137.9,137.7,137.9,137.8,138.6,136.3,138.6,136.71,138.5,137.4,138,135.9,138.7,136.6,139.4,138.8,136.6,139,136.3,136.7,138.1,139.7,140.1,138.4,140.6,142.3,137.5,138.9,138.8,142.9,141.6,139.4,139.4,140.3,138.9,143.7,143,143.6,144.6,139.4,144.2,141.3,142.5,142.9,139.83,143.5,142.9,141.4,143.7,143.2,142.6,142.9,139.4,143.4,139.7,139.5,143.6,140.8,141.1,141.1,139.9,141.3,143,140.3,142.7,143,144.6,146.1,146.3,142.3,140.9,144.4,139.7,142.1,144.8,139.7,142.4,143.9,143.2,140.2,140.3,142.22,144.1,138.8,145.4,140.3,145.5,145.4,143.9,139.9,144.2,140.4,142.1,142.1,145.9,139.8,143.9,143.6,139.7,143.1,143.9,144.4,141.5,138.5,143.5,147.1,145.6,149.2,150.2,149.2,144.8,150.4,149.7,148,148,144.31,151.6,153.5,153,152.5,147.5,150.8,150.4,150.4,151.8,151.8,146.5,147.8,139.6,148.9,150.1,155.2,146.7,154.2,152.6,150,148.2,154.9,157.2,156.3,154.7,160.8,149.8,149.8,161.4,161,160.8,160.2,161.3,161,159.8,160.5,160.8,160.2,161,153.41,133.17
Arunachal Pradesh,,,,,,,,,,,,,,,,,,,,,,,,,,,,,,,,,,,,,,,,,,,,,,,,,,,,,,,,,,,,,,,,,,,,,,,,,,,,,,,,,,,,,,,,,,,,,,,,,,,,,,,,,,,,,,,,,,,,,,,,,,,,,,,,,,,,,,,,,,,,,,,,,,,,,,,,,,,,,,,,,,,,,,,,,,,,,,,,,,,,,,,,,,,,,,,,,,,,,,,,,,,,,,,,,,,,,,,,,,,,,,,,,,,,,,,,,,,,,,,,,,,,,,,,,,,,,,,,,,,,,,,,,,,,,,,,,,,,,,,,,,,,,,,,,,,,,,,,,,,,,,,,,,,,,,,,,,,,,,,,,,,,,,,,,,,,,,,,,,,,,,,,,,,,,,,,168.2,,,,165.3,155.1,155.1,,,164.5,163.7,,165.3,163.7,164.5,164.5,163.7,165.3,162.82,124.8
Assam,104,103,104,105,106,105,103.8,104.6,105,106,107.1,106,107.9,108.58,111.4,109.5,110.6,106.9,112.3,111.7,109,110,113.4,114.2,111.1,113.8,114.4,112.3,112.2,112.3,115.5,116.3,112.4,113,115.9,114.7,109.69,113.9,116.7,114.8,115.3,115.5,115.4,115.1,116.2,116.1,115.7,118.6,118.7,118.9,117.3,117.8,117.2,119.6,116.1,117.8,120.3,120.4,118,117.4,118.4,121,118.5,117.3,118.5,118.2,122.1,121.4,118.5,119.2,119.9,118.4,122.9,117.98,119.3,118.6,122.9,122.5,123.1,119.7,123.2,123.2,120,122.7,123.7,123.3,123.3,124.1,122.4,124.4,122.4,124.1,120,122.8,123.1,121.3,125,124.7,125.1,125.5,123.3,123.1,125.7,126.4,124,124.6,126.1,123.2,124.5,121.8,123.14,125.1,125.7,126.1,123.6,124.6,125.5,124.7,125.8,126.9,127.3,124.4,126.7,128.1,128,126.8,126.5,126.5,124,124.8,125.3,125.6,124.9,126.2,126,126.5,124.9,127.1,126.1,126.7,127.2,127.1,125,125.1,125.1,125.5,125.6,125.86,126.2,126.3,125.6,127.3,126.6,127.7,128.4,128.1,126.5,128.9,127.1,129.2,130.5,127.2,129.9,126.6,131.9,128.4,128.2,129.4,130.7,131.3,127,131.9,127.5,134.3,129.3,128.7,133.6,132,128.1,128.7,129.7,128.5,127,130.5,128.86,126.1,132.7,131.6,126.4,132.4,136.1,134.8,129.6,131.2,135,130.7,136.9,131,127.4,134.4,139.4,132.3,135.4,128.9,128.2,140.4,136.9,138.9,135.7,139.7,132.8,139.7,139.8,129.9,139.7,140.4,140,139.4,140.7,128.5,141.2,134.56,139.8,140.8,137.9,127.1,139.6,131.9,142.5,132,126.4,139,126.6,127.1,132.8,142.5,142.1,133.2,140.2,144.7,128,129.1,134.6,144.1,130.1,137.1,137.1,134.3,138.4,141.6,146.2,145.6,143.2,137.7,144.7,132.3,147.8,147.2,137.37,144.4,148.1,136.3,146.8,147.5,137,136.8,137.1,147.3,135.6,135.9,145.1,133.6,137.5,137.4,137.7,138,134.9,138.8,139.2,140,137.8,138.4,137.9,136.8,140.9,142.6,143.4,137.1,144.6,142.7,137.9,138.6,141.4,142.8,142.9,140.02,139.6,142.3,140.9,144,141.4,146.5,144.8,144.2,146.8,144.1,141.5,144.3,148.8,145,148.1,145.4,144,148.5,147.4,150.3,145,143.5,150.7,149.4,151.2,149.9,150.5,148.1,151.7,150.7,150.4,146.7,146.7,146.44,151.2,156.1,156,152.4,152.1,150.1,150.5,150.5,156.5,156.5,152.7,152.1,145.3,153.4,154,156.6,152.6,153.1,150.8,154.8,154.1,153,157.4,154.9,153.3,165,158.1,158.1,162.3,160.8,162.5,160.2,164.3,164.9,160.1,162.5,162.5,160.2,164.9,155.8,131.85
Bihar,,,,,,,,,,,,,,,,,,,,,,,,,,,,,,,,,,,,,,,,,,,,,,,,,,,,,,,,,,,,,,,,,,,,,,,,,,,,,,,,,,,,,,,,,,,,,,,,,,,,,,,,,,,,,,,,,,,,,,,,,,,,,,,,,,,,,,,,,,,,,,,,,,,,,,,,,,,,,,,,,,,,,,,,,,,,,,,,,,,,,,,,,,,,,,,,,,,,,,,,,,,,,,,,,,,,,,,,,,,,,,,,,,,,,,,,,,,,,,,,,,,,,,,,,,,,,,,,,,,,,,,,,,,,,,,,,,,,,,,,,,,,,,,,,,,,,,,,,,,,,,,,,,,,,,,,,,,,,,,,,,,,,,,,,,,,,,,,,,,,,,,,,,,,,,,,166.3,,,,162.4,163.8,163.8,160.4,157.8,158.7,154.1,162.2,162.4,153.5,158.4,158.7,154.1,162.4,160.32,132.56
Chhattisgarh,105,104,104,107,106,105,103.9,104.3,108,105,105.4,106,106.2,106.04,107.3,106.9,107.2,107.1,110.9,110.3,109,109.9,111,111.6,111.2,112.9,113.8,112.5,112.4,113.2,113.4,113.9,112.4,112.7,114.3,113.2,108.97,112.9,114.9,112.5,113.6,112.6,112.6,114.1,115.8,112.6,113.7,124.1,121.9,118.4,116.9,117.3,117.3,116.5,114.1,114.6,118,116.9,117.7,120.9,114.8,118.5,119.2,123.1,118.8,121.6,121.6,121.1,122.7,119.7,120.6,124.3,122.8,117.74,120.8,125.9,122.1,123.3,121.6,123.9,123.1,124.5,121.9,121.8,122.8,123.5,123.5,124.3,123,122.5,127.3,123.4,127.1,126.9,123.6,125.5,124.6,125.3,124.8,124.4,123.8,131.5,129.1,123.7,128.6,128.2,124.8,130.6,131.3,129.1,125.06,123.1,130.2,133.3,123.9,130.5,122.7,130.2,129.1,128.9,127.8,132.9,131.6,127.8,127.2,132.7,125.5,125.7,124.8,136.4,130.6,123.5,125.4,134.9,124.4,124.2,125.1,136,123.3,124.9,137.7,124.8,135.8,135.6,126,125.1,135.1,128.8,133.3,125.5,127.3,126.3,125.3,125.8,125.7,126.7,136.3,125.7,136,132.1,130.2,129.3,129.9,138.3,133.7,134.5,135.6,134.7,131.4,133.4,141.4,130.5,140.3,135.4,134,132.7,134.9,132.6,132.3,138.7,139.1,139.8,131.6,134,132.62,131.3,133.9,133.7,131.4,134.8,137.2,134.5,138.3,133.8,134.4,134,138.8,133.2,131.9,135,138.8,134.6,134.6,133.1,132.2,140.9,134.6,139.7,136.8,139.1,135.4,139,142.2,138.7,139.7,141.3,142,139.9,142.2,136.4,141.8,136.64,141.3,141.2,135.2,135.5,139.8,136.9,144.2,138.8,135,136.6,135.3,135.8,139.3,142.5,141.1,137.8,138.3,145.8,136.3,137.2,139.4,144.4,142.8,138.1,138.1,139,139.6,141.5,148.6,147,143.6,139.7,142.5,143.4,148.6,146.3,140.46,141.7,147.3,138.2,146.3,145.5,139,141.1,137.6,148.1,137.6,137.3,141.7,142.4,138.5,138.5,137.6,140.1,143.1,138.5,142.1,143.4,140.8,142.4,145.1,140.3,144.4,142.7,139.3,139.5,144.1,138.8,139.4,140.4,141.7,138.5,138.5,141.15,142.1,142.5,143.9,138.5,146,144.2,142.5,139.5,143.2,139.1,147.4,140.7,144.3,140,142.8,142.3,140.6,141.9,142.6,143.4,140,144.2,142.8,145.5,145.3,146.5,146.3,152.8,145.2,146.8,145,151,151,143.94,152.5,153.6,152.3,153.7,146.4,154,149.8,149.8,149.2,149.2,146.3,144.9,141,146.5,146.7,154.8,144.8,154.9,155.2,146.7,146.6,157.3,156.3,156,155.5,161,151.8,151.8,155.3,153.7,154.9,154.9,156.2,159.1,155.6,158.9,154.9,154.9,159.1,152.14,132.66
Goa,103,103,103,105,105,104,103.9,104.3,106,104,105.4,106,107,105.65,109,107.1,107.9,106.9,111.2,109.2,107.4,108.1,109.5,111.1,110,111.4,113,110.9,111.7,111.5,112,113.1,112.2,112.6,112.2,112.6,108.22,113.3,113,112.7,113.6,113.1,113.3,113.1,113.7,113.6,113.3,126.6,121,117.4,114.5,117.5,117.1,114.1,113.3,113.3,115.6,114.6,117.3,120.8,113.6,116.7,115.4,126,117.3,120.3,115.8,120.6,120.9,118.8,120.8,125.3,116.3,116.77,116.2,126.5,123.9,117.1,124.1,120.9,124.4,118,116.9,120.3,123.3,117.8,117.8,118.8,117.6,120.4,123.9,125.3,126.5,124.2,118.4,122.4,121.1,125.9,122.4,119.1,118.9,128.8,125.4,118.7,124.9,127.2,119.8,129.9,128.9,128,122.33,119.5,127.7,133.3,119,128.5,120.2,128.8,126.9,125.8,126.6,132.2,125.6,126.3,126,126.7,126.5,126.2,120,135.9,129.9,120.1,126.6,134.7,121.5,123.2,121.1,132.6,121.3,122.4,133.6,123.8,135.7,136.2,122.3,126.7,137.1,126.96,131,123.7,122.9,124.6,125.2,126.4,127.3,128.7,132.3,127.7,132.3,130,128.9,124.7,126.7,139.1,131.3,132.4,131.8,132.4,130.3,128.7,140.3,130.4,140.8,133.9,132.5,126.2,130.9,130.9,132.5,141.6,142,141.2,132.8,128.1,131.18,132.4,128.7,132.5,133.2,131.4,132.8,130,142.9,132.2,130.3,132.3,137.3,132.1,133.6,128.8,135.3,132.8,129.5,134.5,133.4,140.6,130.7,133.2,129.1,136.2,134,134.7,143.1,136.2,134.5,142.1,138,137.1,139.8,142.4,134.5,134.51,143.6,139.8,131.5,142.9,137.6,135.1,140.3,136.1,141.6,132.1,143.6,143.5,135.4,144.6,138.6,136.8,133.1,146.7,142.4,143.7,134.5,140.8,146,134.4,134.4,137,134.3,135.4,148.9,143,137.5,134.2,135.4,145.2,148.3,141.9,139.45,135.9,148.8,139.2,141.9,142.2,140.1,139.8,134.5,148.9,139.7,139.5,136.1,146.9,140.7,140.5,134.7,141,146.7,135.6,141.1,141.2,150.2,152.2,153,151.8,141.5,139.2,140.1,151.1,140.2,139.2,152,150.9,136,139.7,140.5,142.57,150.3,141.5,150.1,148.2,151.7,141.4,143.1,146.6,144,147.6,152.9,140.9,141.6,149,145.8,149.4,142.3,152.7,149.9,145.9,148.6,153,152.6,142,146.3,143.9,147.5,153.7,153.2,147.5,147.7,150,150,147.6,159.4,169.2,165.2,164.7,148.6,160.3,158.7,158.7,167.8,167.8,156.1,151.8,155,152.4,152.2,168.2,158.4,163.3,158.6,159.7,160.1,171.4,172.6,166.9,161.3,161.6,160.5,160.5,156.8,157,158.1,157.7,155.3,157.7,158.8,160.2,158.1,157.7,157.7,160.35,132.87
Gujarat,104,104,104,106,107,105,105.4,106,108,106,107.1,108,109.2,108.22,112.4,110.9,110,108.1,114.3,111.9,110,111.4,113.3,115.7,112.9,114.9,117.3,113,112.9,113.2,115.3,118,113.4,114.3,115.2,114.9,110.59,115.8,117.7,115.8,117.4,116.6,118.8,117.4,118.6,119.3,117.7,119.3,117.8,116.6,119.3,116.4,116.6,120.7,120,119.6,121.3,123.2,117.1,117.7,122.2,123.7,120.3,119.4,117.6,118.1,122.4,120.9,118.4,118.6,120.2,120,124.9,119.09,121.5,120,120.8,123.7,121,118.9,120.7,126.4,121.7,121.3,121,124.1,124.1,127.1,122.4,121.2,121.6,122.8,120.5,122.3,122.9,119.8,121.6,124.1,122,125.3,123.1,123.5,123.5,127.5,123.2,128,128.1,124.2,124.1,121.3,122.93,125.4,124.3,126.4,124.1,124.2,128.1,124.6,128.9,127,125.5,125.7,124.5,125.8,125.1,124.9,123.5,123.4,125,128.6,126,126.2,123.6,128.5,127,129.4,125.7,128.3,128.7,127.9,128.7,130.5,128.6,129.2,126.9,124.6,130.1,126.53,127.3,128.8,128.2,130.1,131.1,132.4,125.6,126.4,130.8,125.8,132.3,129.1,134.2,129.9,131.8,131.5,136.1,130.1,131.3,130.2,129.7,133.5,134.5,128.8,136.8,138.1,129.7,131.3,135.1,128.6,128.3,136.2,136,137,128.1,132.6,131.31,128.6,132.1,128.2,129.2,129.4,135.6,132.3,135.8,127.6,132.7,127.5,139.8,127.2,130.1,134.3,136.5,128.6,132.9,131,130.4,141.2,133.4,137.6,134.2,136.9,129.3,136.4,141.8,133.8,136.7,141.2,141.6,138,141.4,134.8,138.3,134.07,142.5,141.3,134.9,134.1,138.8,130.9,143.3,134.7,135.1,135.7,135.2,135.9,132.5,144.1,140.2,133.9,136.9,146.6,136.3,137.1,132.9,142.6,139.9,132.4,132.4,133.5,133.1,139.3,148.5,144.1,140.5,132.9,139,141.3,148.2,143.4,138.17,139.4,148.3,132.9,143.3,143.4,133.5,134.2,132.5,148.6,132.1,132.7,139.3,140.5,134.2,134.2,133.1,135.5,139.9,134.2,136.8,137.4,139.9,140.4,140.4,138.5,137.3,137.2,135.9,139.3,138.3,135.3,140,140.7,136,135.6,136.2,137.69,141.6,137,142.3,138.8,143.3,139.8,138.5,139,139.6,138.9,142.8,137.4,140.2,140.4,141.1,140.3,137.4,142.8,141.4,141.6,139.3,142.4,143.4,140.9,142.5,141.2,141.4,158.8,144.6,142,140.3,156.5,156.5,142.24,159.1,158.9,159.6,159.2,143.1,159.4,157.5,157.5,158.9,158.9,145.6,142.2,143.4,143.3,144.3,160.7,144.6,160.6,160.5,147.2,145.7,153,162.9,162.5,162.3,155.8,154.5,154.5,148.8,147.6,150.6,149.6,149.8,152.4,152.1,153,150.6,149.6,152.4,153.32,131.51
Haryana,104,104,104,106,107,106,105,105.5,107,106,107.3,108,108.7,107.83,110.7,109.2,109.5,107.5,111.6,110.7,109.2,109.5,111.4,112.5,110,112.5,113.9,111.1,111.2,110.9,113.1,114.3,111.6,112.1,113.8,113,109.32,113.2,115.5,113.2,114.1,114.1,114.2,115,115.4,115.3,114.7,118,117.2,116.3,116.9,116.1,116,117.3,115.6,116.2,118.4,118.4,116.9,117.3,116.9,119.3,118.4,118.4,117.8,117.2,120,119.8,118.1,118.4,119.4,118.3,120.9,116.89,119.8,119.2,120.2,121.2,120.6,118.5,120.1,122,119.6,120.7,120.5,121.6,121.6,122.7,119.8,120.9,120.5,121.9,119.2,120.7,120.2,119.1,121.1,122.4,121.4,122.7,120.9,121.4,122.6,123.3,121.6,123.5,124.1,121.5,122,119.7,121.08,122.4,122.4,124.1,120.9,122.2,123.3,122.6,124.4,124.2,124.1,122.4,123,124.5,124.5,123.3,123.8,123.8,121.9,123.7,123.5,123,124.2,124.1,123.5,124.5,122.4,124.7,124.3,123.8,124.9,124.6,123.9,124.3,124.3,124.2,124.9,123.63,124.5,124.9,125,125.7,125.3,126.1,124.8,125.5,125.7,124.9,126.9,127.6,127.5,126.6,127.2,126.4,130.1,127.3,127.2,128.1,129.8,129.5,127.7,130,129.1,132.1,128.2,128.6,131.1,131.1,127.7,130.1,131.3,129.9,127.4,129.4,127.79,128.1,129.6,133,127.6,132.4,133.1,130.4,131.4,132.1,130.6,132.1,135.1,132.1,128,130.9,132.7,133.1,130.7,128.8,128,134,131.4,134.4,132.1,133.4,133.4,132.6,135.6,130.8,133.1,134.6,136.4,134.4,134.5,131.1,135.6,132.14,136.3,133.9,132.4,130.6,135,135.3,137.6,132.7,131.5,132.9,130.6,130.8,135.7,137.8,136.5,132.9,134.3,140.5,130.8,131.7,136.1,139.1,133.6,134.7,134.7,133.4,136.4,136.7,141.6,140.4,138.3,136.3,137.5,135.2,142,140.8,135.46,138.7,142.2,133.8,140.3,140.7,134.8,134.9,134,141.9,133.5,133.7,138.1,135.5,134.6,134.5,134.6,136,135.5,135.5,137.2,138,135.3,136.3,137.1,134.8,138.4,138.2,135.1,135.2,139,134.2,135.3,135.5,137.4,134.2,135.1,136.36,136.6,137,138.6,134.8,139.7,139.4,138.2,134.3,139.7,133.9,140.1,137,139.9,135.5,141.1,138.2,137,142.6,140.4,142.1,136.7,137.7,144.1,141.2,143.4,141.4,143.3,149.6,145.4,143.1,142.6,144.1,144.1,140.08,149.6,150.8,149.8,150.6,143.5,150.6,144.3,144.3,148.3,148.3,145.4,144.4,137.7,145.7,145.2,151.8,146,151.3,151.3,147,147.8,153.9,152.1,151.2,151.1,153.5,151.3,151.3,150,149.3,150.5,149.4,150.9,152.3,149.5,150.9,150.5,149.4,152.3,148.91,129.08
Himachal Pradesh,104,103,103,105,105,104,104.3,104.8,106,104,105,105,105.2,105.54,107,105.7,107.1,107.3,107.8,107.9,108.4,108.7,109.1,109.2,110,110,110,111.1,112.2,111.8,111.3,111.4,112.9,113.2,111.5,111.2,107.74,114,111.4,111.4,111,111.6,111.1,116.1,116.9,111.2,112.2,121.7,120.7,116,118.5,115.8,116.1,115.8,111.8,113.9,117,115.5,116.6,120.4,113.4,116.7,119.2,121.4,116.9,121,118.7,117.7,121.9,117.7,118,122.1,118.6,116.39,120.7,123.1,117.8,119.4,117.6,122.5,118.6,119.1,121.2,118.5,118.9,120.4,120.4,120.2,122,119,123.9,119.5,123.8,124.3,122.3,123.1,118.9,120.7,119.5,121.2,122.9,125.2,126.1,121.1,125.5,121.7,121,125.8,125.1,124.3,121.54,121.9,125,127.7,122.6,124.9,121.7,125.1,123,123.1,123.7,127,126.4,124.2,124.9,125.9,124.2,124.1,123,126.5,126.4,123,124.5,126.4,123.5,123.6,123.1,128,123.1,123.8,127.3,124,126.5,126.8,123.8,125.4,127.9,124.78,127.4,124.3,124.7,124.6,124.4,124.6,126,127.1,128.4,126.4,129.6,129,126.7,126.6,126.7,128.9,128.4,131,130.2,131.7,130,128.3,129.9,130.2,131.1,130,132.4,127.8,129.9,130.7,132.5,132.6,133.4,131.8,132.4,129.5,128.87,132.6,130.2,131.8,132.5,131.5,132.2,132.4,134,132.7,132.8,131.3,132.6,131.7,133.3,131.9,134.4,133.8,132.6,133.7,133.3,134.8,133.7,133.5,133.6,135.3,133.9,134.6,136.3,135.1,134.7,135.7,133.8,136,135.1,134.3,136.1,133.55,136.3,135.1,134.7,134.2,136.1,134.9,136.6,136.5,134.4,135.4,134.1,134.9,135.7,137,136.9,136.4,136.6,139.3,134.8,135.2,137.1,138.9,136.4,136.5,136.5,137.1,137.1,137.3,140.5,140.2,138.6,138,138.1,137.9,140.7,140.2,136.84,138.1,141.8,138.8,141.2,141.2,139.5,138.8,136.4,141.9,138.6,138.2,138.2,137.8,138.3,138.2,136.7,138.2,138.5,137.9,138.9,139.9,140.5,141.2,140.4,140.1,138.7,140.9,135.8,139.4,141.5,135.5,139.7,139.2,140.2,135.7,136.3,138.95,138.9,136.1,139.6,136,140.5,142.4,139.3,135.3,140.3,135.5,139.1,139,142.6,135.6,141.2,139,135.5,140.9,140,142.2,138.7,135.7,142.1,145.5,143.7,143.9,147,,143.3,145.7,146.6,,,140.37,160.2,161.8,160.2,161.8,143.2,,158.8,158.8,158.8,158.8,143.1,144.4,135.1,144.9,144.6,162.9,143.9,162.9,,144.3,144.4,162.3,164,164,,151.7,--,152.2,154.5,154.2,151.5,150.4,155.4,152.4,149.5,150.8,151.5,150.4,152.4,153.31,129.81
Jharkhand,105,104,105,107,107,106,104.9,105.1,109,106,106.8,107,107.7,106.96,109,107.9,108.4,107.2,111.6,111.1,110.2,111.1,112.4,113,112.1,113.4,114.1,113.6,112.1,113.4,114.4,114.8,111.9,113,114.2,113.6,109.72,113.5,114.6,113.7,114.4,114.5,114.6,115.1,116.3,115.2,115.4,119.5,118.9,117.9,119,116.8,117.1,118.1,116.3,116.9,120.7,119,117.6,118.3,117.8,121.5,120.7,119.2,117.8,118.6,122.4,121.4,119.3,118,119.7,119.6,123.2,117.85,121.8,120.3,121.5,124,122,119.8,122.1,125.1,121.6,123.2,121.7,125.7,125.7,127.7,122.3,123.6,122.5,123.4,121.1,124.5,124,120.8,123.7,123.9,122.9,128.1,123.4,124.2,127.1,129.9,126.2,124.9,130.2,126.4,126.5,122.5,124.01,127.2,126.3,129.2,123.9,126.4,129.1,126.8,126.9,126.9,127.2,128,127.2,128.3,127.8,127,125.4,126.1,124.3,129.2,128.1,127.6,124.4,129.2,128.4,130.4,125.4,129.3,129.5,128.4,129.6,129.9,129.5,129.7,125.7,124.7,131,127.61,129.2,129.3,125.9,130,131.1,132,125.7,126.7,130.3,125.7,131.9,130.1,134.3,128.4,132.3,132.5,136.4,133.6,132.4,134.9,132,134.6,133.7,130.9,135,138.8,134.2,131.1,136.5,132.8,132.7,137.5,138.9,135.8,131.7,132,132.25,130.8,132.5,132.2,131,132.9,138.7,135.8,138.1,131.5,134.3,132.3,141.9,131.3,131.7,134.9,138.8,132.3,136.2,132.1,131.5,141.1,135.2,141.5,138.3,139.6,132.7,139.9,141.8,136.1,141.6,141.8,144.8,140,144.4,136.8,144.8,136.7,142,141.9,136.4,135.6,140.6,134,148.1,138.6,134.8,137.8,134.9,135.4,136.3,143.9,142.2,137.3,138.8,145.8,135.1,135.5,136.8,144.6,139.8,138.1,138.1,139.2,137.7,142.2,147.5,146.2,143.7,138.6,141.7,142.7,147.7,146.1,140.16,143,147.9,139.1,146.1,146.2,139.9,140.5,138.5,148.3,137.8,138,142.9,141.3,139.4,139.4,139.3,140.6,143.1,140.3,143.1,143.4,143.3,144.7,145.2,141.8,142.7,143.1,143,142,144.3,142.2,142.9,143.5,142.3,141.6,142.1,142.3,144.7,143.4,147.3,143.2,147.4,144.8,144,144.5,145.3,143,145.8,143,145.1,146,146.3,144.6,142.5,147.3,145.9,146.8,143.4,146.4,147.9,146.7,148.8,148.1,149.4,150.8,150.1,149.9,146.9,149,149,146.28,156.8,159.5,159.1,157.5,151,152.4,153.9,153.9,155.8,155.8,152.8,150.5,144.8,152.1,153.3,162.4,152.8,160.3,155,155.4,153.8,166.9,165.7,162.8,155.3,163.1,163.9,163.9,159,156.8,159.3,155.1,161.3,162.4,154,159.5,159.3,155.1,162.4,157.16,133.3
Karnataka,104,104,104,106,108,106,104.8,105.4,108,106,107,108,109.3,107.52,111,109.8,110,109,112.7,111.6,110.5,111.3,112.6,113.9,112.3,113.8,115.4,113.5,115,114.4,114.8,116.2,115.7,116.5,115.7,115.5,110.53,117.1,117,116.4,116.1,117.1,117.1,118.4,119.1,117.7,117.8,120.6,122.1,123.4,120.5,123.5,123.4,120.1,118.5,119.1,121.5,121.1,123.9,122.5,119.8,122.6,121.7,121.4,124.8,123,122.8,128,123.3,126.2,127.5,122.5,123.9,121.15,122.7,122.7,130.3,123.8,130.2,124.4,131.2,125,123.5,128.4,130.4,125.1,125.1,126.9,124.3,128.8,127.7,131.9,123.9,128.3,125.1,125.8,129.4,133.7,130.3,126.8,126.4,128,129.3,128.2,128.9,134.9,128.6,128.6,131.8,125.3,127.66,127.6,131,129.8,127.4,131.1,128.8,131.2,135.1,134.7,134.7,129.5,129.7,134.9,134.8,130.8,134.9,134.6,129.6,132.5,132.6,128.6,135.6,131.6,130.5,131.5,130.2,130.1,129.9,131,131.4,131.9,132.1,132.3,131.5,136.4,133.4,131.76,134.3,132.2,133,133.9,133,134.9,136.9,137.4,135.6,137,135.7,137.9,137.1,135.7,136.4,135,138.2,135,135.3,134.8,138.4,137.6,136.5,138.6,136.3,138.9,134.5,137,138.5,139.3,134.4,135.4,134.6,135.9,134.8,138.2,136.06,135.4,138.8,139.1,136.2,140.2,140.1,141.2,134.2,139.3,141.5,139.3,141.4,139,136.6,139.5,140.8,140.3,141.1,137.7,136.9,140,141.9,140.6,140.1,141.3,141.1,140.7,141.6,139.1,141.1,140.6,141.7,142.4,141.1,134.2,141.2,139.65,142.4,140.1,143.2,134.7,143.5,141.8,142.3,139.6,135.2,144.6,136,136.2,142.6,143.7,145.7,138.9,147.5,146.4,136.7,138,143.2,148.2,140.6,145.2,145.2,139.6,143.5,149.9,147.1,149,150.8,145,150.8,140.9,146.4,148.2,143.13,149.9,147.2,139.8,149.4,148.9,139.8,141,146,147.9,139,139.3,150.4,139.2,140.6,140.7,146.3,141.6,140,147.3,142.2,142.5,140.3,140.6,141.9,139.1,142.7,150.3,145.2,139.2,151.1,145.8,139.8,140.2,149.5,145.8,146.5,143.81,141.3,144.3,141.8,145.5,141.6,151.8,149.1,145.5,149.9,145.3,141.8,148.3,152.4,145.1,150.3,147.8,145.2,148.6,148.6,151,146.9,143.4,149.3,153.3,152,154.3,155.5,158.1,150.5,155.1,155,158.2,158.2,149.24,157.7,158.3,157.3,159,153.2,159.8,155.7,155.7,153.4,153.4,151.9,154.1,145.4,154.9,154.7,162.3,153,162,161.7,154.2,154.1,153.4,165.8,164.8,163.7,160.8,154.3,154.3,162.7,162.9,161.4,161.3,162.9,161.9,159.5,159.8,161.4,161.3,161.9,157.81,135.97
Kerala,107,107,107,108,109,108,107.1,107.9,109,108,108.8,109,109.6,109.79,111.9,110.7,111.5,110.6,112.6,112.1,111.2,113.1,114.3,114.8,114.4,115.7,116.3,114.7,116.1,116,115.6,116,116.3,116.6,116.6,116.1,111.9,116.9,116.9,116.1,116.1,116.6,116,118.4,119.5,116.6,116.8,121.5,121.5,121.4,120.3,121.7,122,118.6,116.8,117.8,119.6,118.2,122.4,121.9,117.5,119.2,121.1,122,123.4,121.9,120.5,125.6,122.3,125,126.4,121.9,120.2,120.02,122.3,122.3,128.1,121.8,127.8,123.1,128.1,121.5,123.5,126,127.2,122.7,122.7,122.3,124.3,125.7,125.8,129.4,123,125.5,125.9,124.5,125.9,131.2,127,125.1,127.1,125.4,125.5,123.3,125.8,132,124.7,125.4,127.1,124.3,125.37,126.3,126.2,125.4,129.4,127.3,125.9,127,131.4,131,131.2,125.7,125.8,131.3,131.1,126.2,132.3,130.9,129.6,126.6,128,128,133.3,125.6,128.6,128.1,130.1,125.7,127.4,128.7,125.7,128.1,126.8,126.6,130.7,133.4,127.3,128.41,130,129.2,132.1,130.3,128.5,129.4,134,136.1,131.5,134.8,131.3,137.1,132.1,134.8,133,129.3,133.6,130.7,130.7,130.8,137.7,134.3,131.2,137.8,131.2,134.8,130.9,135.9,135.6,138.4,130.8,130.5,130.5,130.5,132.1,137.4,132.75,133.6,138.1,138.5,134.1,140.2,137.1,141.3,130.8,139.7,141.4,139.1,136.6,138.8,134.7,139.1,139.6,141.2,140.5,136.8,135.2,138.7,141.9,137.9,140.3,140.3,142.7,139.1,141.4,138.3,138.7,139.5,137.4,142.1,137.9,130.7,139.2,138.4,142.6,138.1,143.6,132,143.5,143.5,138.7,138.9,133.8,145.3,134.5,135.1,144.5,143.2,144.5,139,147.2,146.4,135.4,137.2,145.3,147.3,138.9,144,144,139.7,144,149.1,147.9,149.2,151.8,144.3,152.1,139.6,148.1,149.1,142.82,151.2,147.7,141.4,149.1,148.8,141,141.5,144.3,147.6,141.1,141.5,151.2,139.7,143.7,143.5,145.7,144.7,140.4,146.6,145.7,146.2,142.6,142.4,142.2,142.4,144.5,150,146.7,142.5,150.1,147.8,143.1,143.9,149.1,148.9,149.3,145.23,145.3,145.3,146.4,150.7,146.7,150.6,152.7,149.7,153,150.6,144.7,151.2,151.8,148.2,153.3,154.1,146.5,154.8,154.6,154.6,152.3,145.8,156.1,152.4,155.1,153.6,155,148.8,156.5,154.9,154.5,146.3,146.3,150.98,147.9,145.3,146.1,144,156.6,143.4,145.7,145.7,144.4,144.4,158.2,158.1,147.4,158.6,158.3,143.2,160,144.4,145,160.2,160.6,162.7,146.4,146.9,147.2,166.8,161,161,162.3,162.3,164.4,165,162.3,165.2,166.5,165.6,164.4,165,165.2,154.53,134.91
Madhya Pradesh,104,103,104,105,106,105,104.1,104.8,106,106,106.1,107,107.5,107,109.5,108.6,108.3,106.6,111.1,109.9,108.3,109.4,111.3,112.6,110.6,112.9,114.6,111.2,111.8,111.9,114.1,116.2,111.9,112.4,114.6,114.3,109.1,113.3,116.6,114.5,116.1,114.8,116.4,114.3,115.2,116.6,115.7,120.2,119.5,118.6,116.9,118.9,119.3,117.8,117.4,117,119.3,119.7,119.9,119.9,118.9,121.1,119.6,120.6,120.1,119.5,121.5,122.8,120.5,120.9,121.6,119.7,122.9,118.54,121.7,120.9,123,123.8,123.1,120.7,123.9,125.3,122.1,123.7,124.1,124.5,124.5,126.3,122.2,124.2,122.5,124.9,121.1,123.1,122.6,121.4,124.7,126,125.2,125.6,123.1,123.1,124.7,127.1,124.1,127.7,127.7,123.3,125.3,121.8,123.86,125.6,125.3,125.1,123.6,124.8,127.5,124.9,129.6,128.2,127.5,124.4,125.5,128.1,128.6,125.8,126.9,127.2,124.2,126.3,126.1,126.1,126.7,126.1,126.9,128.9,124.8,126.1,128,127.4,126.3,129.3,126,126.2,125.3,127.3,127,126.49,127.1,128,126.1,129.2,130,131.5,127.6,128.9,128.7,128.2,130.2,131.6,133.4,128.2,131.2,127.8,135,128.8,129.7,129,132.1,133.2,129.4,131.9,130.6,136.9,129.4,130.8,135.1,133.1,128.5,129.7,129.7,130.7,127.8,132.7,130.33,127.6,133.4,134.3,127.8,135.2,136.8,132.8,129.9,133.5,133.2,134,139.2,133.2,127.7,134.4,137.4,134.1,133.9,128.9,128.1,140.4,134,138.3,134.9,137.8,134.9,137.3,140.7,131.8,137.7,140.5,141.1,138.3,140.5,129.4,139,134.78,141,140.6,135.1,128.5,138.9,136.5,142,132.5,128.2,135.9,128.1,127.7,138.4,142.1,140.3,132.1,137.8,144.4,128.1,128.9,139.1,142.7,131.9,138.8,138.8,133.1,138.8,140.4,146.2,144.3,141.7,140.4,140.4,132.8,146.6,144.2,137.43,140.9,146.6,133.7,144.3,144.2,134.1,135.1,138.7,147.2,132.7,133,141,132.3,134.1,133.9,139.5,135.4,133.1,140.6,136.9,137.5,133.5,133.9,135,132.3,137.2,143.1,137,132.6,144.5,136.6,132.7,133.2,143.1,137.2,137.7,137.34,134.7,137.7,135.9,135.7,136.4,145.2,140.4,135.1,142.2,135.6,136.1,139.4,144.5,135.7,143.1,138.5,137.8,141.7,140.6,143.7,136.8,135.8,143.2,145.5,145.6,146.9,147.5,156.4,145.6,147.4,147.4,152.4,152.4,141.91,160.8,164.6,162.9,161.6,146.9,155.3,158.8,158.8,161.9,161.9,146.9,146.5,135.8,147.3,147.9,165.8,145.9,162.7,156.4,148.2,147.1,182.9,167.8,164.5,157.7,156.4,168.5,168.5,157.9,157.6,156.1,154.9,158.9,157.4,153,154.9,156.1,154.9,157.4,157.25,131.62
Maharashtra,104,103,104,105,107,105,104.7,105.2,108,105,106,107,108.3,106.89,110.5,109.8,108.5,107.3,112,110,108.8,109.5,110.7,112.7,110.9,112.1,114.1,111.6,112.1,112.3,113,115.4,112.3,112.8,113.5,113.4,109.23,113.9,115.5,113.4,115.6,113.6,115.4,115.1,116.4,114.9,114.6,119.4,117.6,116.7,117.3,116.5,116.8,117.4,115.8,116.2,118.4,119.2,117.1,117.6,118.1,120.2,118.4,119.8,117.8,118,119.9,119.5,118.4,118.4,119.4,120.5,122.4,117.37,119.6,120.9,120.7,121.1,120.7,119,120.9,123.8,120.8,120.1,120.9,122.5,122.5,125.3,121.8,120.1,121,122.1,121.3,121,122.5,119.7,120.9,122.9,121.2,123.9,123,124.3,122.2,126.1,121.9,124.8,126.3,124,123.4,122.4,122.1,124.2,123.5,126.3,124,122.9,126.3,123,125.2,124.5,124.2,125.6,123,125.1,124.8,123.7,124.3,124.4,124.7,128.4,124.5,125,124.7,128.6,125.7,127.5,125.4,127.2,126.8,126.1,128.6,127.2,127.2,127.6,126.3,125.3,129.3,125.59,125.3,126.7,127.3,127.8,127.5,128.7,125.7,126.6,127.5,125.8,128.3,127.5,131.2,129.5,130.1,130.2,132.8,127.3,127.7,128.3,128.5,131.3,132.8,128.5,134.4,134.4,128.1,130.5,132.9,129.6,127.7,133.5,134.6,134,127.4,132.1,129.5,127.8,132.3,130.1,128.2,130.4,133.6,132.1,134.6,130,132.7,129.9,135.7,130.1,128.7,133,134,131.2,132.4,130.2,129.3,136.3,133.7,134.5,133.5,134.9,131.6,133.6,137.5,131.6,134.1,137,137,135.8,137,134.2,135.2,132.88,138.5,136.2,134.8,133.6,136.7,132.5,138.1,132.9,134.1,135.6,134.1,134.8,132.9,139.6,137.8,132.8,136.8,142.5,136.2,137.3,133.7,140.4,139.6,134.5,134.5,133.9,133.8,139.1,143,140.9,139.6,134.9,139.8,141.5,143.5,140.9,136.98,139.4,143.6,134,141.5,141.1,134.2,134.9,134.3,144.3,134,133.8,139.7,141.2,135.3,135.3,134.8,136.1,142.5,135.3,136.6,137.2,142,142.3,143.8,141.8,137,137.8,137.1,141.4,138.9,136.5,141.9,142.7,136.8,137,137.4,138.43,143.2,137.8,143.9,141.6,144.2,139.9,140,141,141.1,141.4,143.4,138.9,140.5,142.2,142.1,144.5,137.4,146.4,145.5,142.6,143.1,143.5,146.7,142,144,142.7,142.7,153.3,147.9,143.5,142.6,151,151,143.38,152.5,153.2,152.1,153.9,145.1,155.1,149.6,149.6,148.8,148.8,149.8,144.9,142,145.5,146.1,154.9,149.6,155.3,156,151.4,151,157.6,157.1,157.5,158.1,159.1,155.2,155.2,151.1,151,153.2,153.1,151.9,154.3,157.2,157.4,153.2,153.1,154.3,152.34,130.68
Manipur,104,104,104,103,102,103,103.8,104.1,102,103,102.7,102,102.1,102.68,102.2,102,103.4,106,102.1,103.8,107.3,109.6,107.4,106.4,112,109.4,108.1,113.9,112.6,113.3,111.1,109.8,112.4,112.1,111.6,110.4,106.37,112.3,110.8,110.8,109.4,110.6,110.1,112.6,113.3,109.9,109.9,107,110.5,118.2,114.4,117.6,117.7,109.7,108.8,109.6,110.4,108,118.1,111.9,108.1,108.4,115.3,109.2,118.3,114.3,111.7,119.1,114.8,118.6,118.5,112.7,110,112.52,115.9,113.2,120.9,112.5,121,115.2,121,110.9,117.4,120.2,120.7,113,113,110.8,118.5,120.9,116.5,121.7,113.8,116.8,119.2,116.1,120.6,122.8,121.3,113.7,119.7,115.6,117.3,110.6,117.1,123.4,111,115.8,117.2,114.9,116.95,113.5,117.2,115.6,120,117,110.5,117.1,124,124.9,125.2,115.7,117.3,125.9,127.3,117.5,127.7,127.2,120.6,115.4,117.5,114.5,128.5,115.6,114.9,112.1,121.1,115.7,111.8,115,115.7,112,115.2,115.3,120.9,129.2,115.6,118.62,120.8,115.4,121.8,116.4,112.8,113.8,128.9,129.1,121.1,129.7,122.5,128.9,114.3,122.9,117.1,119.9,114.4,126.1,124.7,128.4,130.2,117.7,120.1,131.5,121.8,114.8,131.6,124.6,118.6,132.3,135.8,126.5,129.6,124.6,138.4,126.4,123.71,138.7,128,133.1,138.6,133.6,119.2,130.6,133.6,132.7,130.5,132.3,114.9,132.5,138.3,129.9,120.5,133.6,131.3,138.3,138.4,115.6,130.9,120.3,131.1,120.5,134.3,120.6,116.2,139.1,120.8,115.4,115.7,121.2,115.7,139.8,121.1,127.97,116.2,115.7,131.6,143.3,121.6,134.3,116.3,141,143.4,132.9,142.9,142.7,135,116.6,122.4,143.2,134.3,116.9,142.5,142.6,136.8,122.9,143.8,140.9,140.9,144.8,138.7,135.2,117.1,123.5,136.7,139.7,137.2,146,117.5,124,132.81,137.3,117.4,152,123.9,124,149.2,146.4,139.8,117.5,151.5,153.5,137.6,148.6,155.3,155.3,141.5,155.3,150.6,143,155.4,155.8,161.1,156.6,152.3,160.3,157.2,146.1,158,163.2,147.3,158.2,165.7,165,145.9,159.6,161.4,149.13,165,157.3,164.8,169.9,164.6,148.7,165.6,166.7,166,168,165.7,164.8,149.5,165.9,166.7,174.7,158.3,175.1,174.6,168.4,173.5,165.5,177.2,150.2,169.9,152.2,152.7,154.9,179,153.4,152.7,151.6,151.6,163.17,153.2,152.6,152,153.8,170.8,155.4,150.1,150.1,149.1,149.1,179.4,169.7,166.1,171.8,172,154.2,177.6,155.2,156.6,180.6,180.7,160,156.4,157.1,158,184.6,158.1,158.1,175.7,173.6,180.5,178.5,176.1,181.9,180.7,182.7,180.5,178.5,181.9,165.61,131.43
Meghalaya,104,104,104,108,107,106,104.8,105.6,109,111,111.1,114,113.3,111.12,113.5,113,111.9,107.1,118.4,115.9,108.7,109.5,117.8,120.6,110.2,119.9,123.2,110.7,110.7,111,123.8,128.2,111.2,111,123.2,127.3,112.77,112.2,127.3,127.8,133,125.2,133.4,113.1,114.7,130.1,128.7,127.4,124.2,117.1,115.5,116.6,116.6,131.2,134.3,130.2,130.4,136.8,117.4,125.1,136,135.5,116,128.9,118.6,125.2,129.7,120.7,125.4,118.6,119.2,129.1,134.3,125.15,116.9,129,121.5,130,121.6,125.6,121.9,134.5,117.7,122.2,121.1,130.6,130.6,135,118.6,121.9,127.2,122.3,128.7,128.8,118.9,125.8,122.6,122.2,122,132.6,119.4,130.8,133.7,136.4,131.2,123.3,137.2,132.4,134.2,129,126.59,134.6,133.8,139,119.5,134,139.8,134.4,124.3,124.9,124.8,135.3,134.8,125,124.8,134.1,125.4,125,120.5,139.7,135.1,135.4,125.6,139.5,136.3,141.7,121.2,140.3,140.8,136.3,139.6,141.5,139.6,140.1,122.1,125.2,140.8,132.63,134.1,136.4,122.1,137.6,141.3,142.9,125.2,125.8,132.1,125.5,131.1,127.3,144.2,122.8,138.8,139.4,145.3,131.8,131.8,132.1,128.2,139.9,136.1,128.4,134.2,145.5,131.6,124.1,140.4,128.4,131.7,135,135.3,134.9,132,125.3,133.29,131.9,126.4,129,131.3,129.1,142.7,127,134.6,128.2,127.5,129.4,148.2,128.5,131.8,126.9,147.9,128.4,126.7,131.4,131.7,154.8,129.4,145,127.4,150.7,129.8,148.8,159.2,131.9,148.3,158,151.2,152.1,155.6,134.7,147.3,137.86,160.8,156.2,131.1,134.9,153.8,130.8,154.1,132.9,134.7,133.1,134.1,134.8,132.1,165.3,157.4,134.5,134.2,167.4,134.5,133.9,132.6,159.3,133.9,133,133,134.8,132.8,135.5,169.9,161.5,136.7,133.1,139,135,171.5,163.1,143.2,138.3,174.3,136.8,166,165.5,136.6,136.3,133.2,175.2,136.3,136,139.5,137.2,136.3,136.1,133.4,137.1,137.7,133.3,138.2,139.2,140.2,140,139.6,139.8,139.1,136.9,137.1,139.5,139.4,136.6,139,139,135.7,136.6,136.1,141.03,140,138.1,141,137.3,142.1,140.6,138,138.1,140,138,142,137.4,141,138.9,141.3,138.5,137,141.6,140.2,141.2,138.1,140.4,141.3,142.3,141.1,142.4,143.6,150.3,140.6,143.5,143,148.8,148.8,141.11,151.3,155,151.8,153.9,142.3,151.5,149.8,149.8,150.3,150.3,142.3,143,138.6,144.1,144.2,154.9,143,154.2,152.8,144.5,144.3,151.1,154.9,154.4,153.2,155.5,155.5,155.5,155.5,155,157.2,155.3,154.3,155.1,155.4,158,157.2,155.3,155.1,151.05,134.41
Mizoram,104,104,104,106,109,106,105.8,107.3,108,107,108.3,110,111.1,109.39,112.9,111.8,111,109.4,111.2,111.2,111.2,111.6,111.1,110.6,113.1,111.5,109.6,113.9,115.2,114.6,112,109.9,116,116.7,113.9,113.3,110.32,117,113.1,113.5,111,114.4,110.5,119.2,119.9,111.7,114.7,128.6,121.5,117,120.8,117.6,117.1,118.1,112.1,116.2,119.3,116,117,122.1,112.7,117.6,122.1,129.2,117.1,121.6,121.6,119.6,121.1,117.9,118.8,128.6,121.1,118.26,122.1,127.6,122.7,121.9,122.5,121.5,122.8,121.6,122.2,120.1,123.2,122.4,122.4,122.6,123.2,121.8,122.4,122.9,128.4,123.1,123.9,121.8,123.2,123.5,123.4,124.9,124.2,128.1,124.8,124.9,123.8,123.8,126.1,128.6,127.3,128,123.83,124.2,127.6,129.6,124.4,127.8,124.2,127.6,124.1,123.7,123.8,129.7,125.3,124.5,124.7,126.9,124,124.2,124.6,134.3,126.7,124.8,124,134.5,125.2,125.8,125.9,128.5,125.2,125.5,132.3,125,135.7,135.6,128,123.6,132.7,127.06,127.7,126.5,129.8,128.7,124.7,127.5,124.3,125.4,128.1,125,128.5,126.3,128.1,130.7,129.4,134.3,129.9,126.5,127.7,127.5,126.4,130.8,134.9,126.5,135.3,129.6,127.9,131.5,130.8,126.2,127.9,130.7,132.3,133.9,128,131.8,128.92,128,133.6,127.9,127.6,127.8,132.5,136.8,132.9,127.7,136.3,127.8,131.2,127.2,128,134.3,140.8,128.4,136.5,128.3,128.1,146,136.1,134.8,136.2,140.7,129.5,140.4,144.9,129,138.7,146.1,135.4,140.5,141.2,133.6,137.5,134.23,143.9,144.5,136.7,134.2,141,129.7,139.1,128.7,134.2,138.5,133.9,133.7,130.2,145.7,142.2,129.7,139.1,146.2,132.9,132.9,130.2,142.3,133.3,130,130,130.1,130.9,138.9,147.5,143.3,139.7,130,141.7,132.2,145.3,142.1,136.79,139.4,145.7,131.9,143.7,143.8,132.1,131.8,130,146,131.9,132.3,142.2,134.8,132.6,132.6,130.1,132.9,136.2,131.4,133.2,133.1,138.3,138.8,138,139.3,133.9,134.1,133.5,139.5,134.8,133.5,138.7,137.5,133.1,133.7,134.6,135.81,137.8,133.7,137.8,139.7,137.6,136.6,136.4,139.1,137.6,139.4,138.5,135.8,137.6,139,139.1,140.1,133.7,143.1,141.9,140.4,140,139.6,144.7,138.3,141.3,139.2,140.1,149.1,146.1,140,140,146.6,146.6,139.89,150.9,154.5,154.4,151.6,142,150.2,148.8,148.8,153.1,153.1,146.5,143.5,139,143.3,143,155.7,149,152.4,150.7,147.7,148.3,152.5,157.8,154,152.1,158.8,147.5,147.5,156.1,154.1,157.5,156.5,155.3,156.7,160.2,159.6,157.5,156.5,156.7,151.46,130.58
Nagaland,,,,,,,,,,,,,,,,,,,,,,,,,,,,,,,,,,,,,,,,,,,,,,,,,,,,,,,,,,,,,,,,,,,,,,,,,,,,,,,,,,,,,,,,,,,,,,,,,,,,,,,,,,,,,,,,,,,,,,,,,,,,,,,,,,,,,,,,,,,,,,,,,,,,,,,,,,,,,,,,,,,,,,,,,,,,,,,,,,,,,,,,,,,,,,,,,,,,,,,,,,,,,,,,,,,,,,,,,,,,,,,,,,,,,,,,,,,,,,,,,,,,,,,,,,,,,,,,,,,,,,,,,,,,,,,,,,,,,,,,,,,,,,,,,,,,,,,,,,,,,,,,,,,,,,,,,,,,,,,,,,,,,,,,,,,,,,,,,,,,,,,,,,,,,,,,157.4,,,,167.5,149.3,149.3,157,158.2,164.3,164.8,154.9,162.1,169.6,169.7,164.3,164.8,162.1,160.34,125.2
Odisha,105,105,105,108,106,106,105,105.8,109,106,106.8,107,107.4,107.97,109.9,108.7,109.6,108.8,112.2,111.7,110.1,110.9,112.3,112.8,112.3,114.1,114.7,113.6,112.9,113.8,114.9,115.3,113.1,114,114.5,113.3,110.1,114.9,114.7,113,113.5,113.6,112.9,116.3,118.5,113.4,114.8,121.9,120.9,118.4,120.7,117.9,117.9,118.6,114.8,116.6,121.1,118.7,118.7,120.3,116.7,121.2,122.7,121.2,119,120.7,123.1,122.5,121.2,120.1,122.2,121.8,123.3,118.55,124,122.2,122.5,124.2,122.8,121.6,123.3,124.3,123.7,123.3,123,124,124,124.1,124.6,123.6,125.4,124.1,122.6,126.3,125.8,123.1,124,125.7,123.9,124.9,126,126.7,128.6,124.2,128.3,127.5,124.6,127.8,129.9,124.3,124.69,124.8,130.1,130.5,126.7,130.1,124.4,130.9,128.4,127.9,127.4,130.2,130.4,127.2,126.9,131.1,125.9,126.2,127.1,132.5,131.5,125.1,126.1,132.9,125.9,125.5,127.4,132.9,124.6,125.8,133.9,125.2,133.1,134.1,128.4,126.4,134.4,128.66,133.4,126.7,130.1,128.6,126.1,128.1,126.7,128.4,135.7,127.2,137,131.4,130.9,132.4,131.3,136.4,132.9,135.7,136.2,136.2,131.6,133.2,138.9,130.2,140.3,133.7,135.3,134.2,134,131.7,133.5,138.9,139.7,139.4,132.4,134.8,133.14,132.2,135.4,132.1,132.5,132.7,135.4,138,138.5,131,137.7,132,135.4,131,133.3,137.1,136.1,131.2,138.5,134.9,134,135.6,137.4,137.6,141.5,136.2,132.5,138.5,136.4,137.2,139.9,135.8,137.8,137,140.4,136.3,142.8,135.89,139,138.7,138.9,134.9,139.3,132.2,143.2,138.4,134.6,140.3,134.8,135.9,134.8,142,142.2,136.9,142.6,145.8,136.7,137.4,136.1,145.6,139.5,136.2,136.2,138.6,136.9,145.2,149.4,149.1,148.4,137.2,147.5,141.1,151.5,150.6,140.49,147.8,150.4,139,149.4,149.6,139.5,140,136.1,150.1,137.9,137.9,147.2,139.5,139.8,139.8,136.3,140.5,141.3,137.7,142.5,143.2,141.7,142.4,142.9,140.6,143.4,141.1,140.3,140.6,142.2,138.9,141.3,142.7,140.1,139,139.6,141.73,143.7,143.1,145.5,140.4,145.9,142.6,143.6,140,144.9,140,145.9,142.6,142.8,141.9,145.6,144.6,141,146.7,146,146.1,143.6,145.4,147.4,144.5,147.9,146.4,147.1,144.8,149.2,147.8,145.8,142.5,142.5,144.48,148.6,152.8,151.6,149.8,151.2,146.1,146.4,146.4,149.5,149.5,153.1,150.3,142.5,152.4,153.5,155.1,152.1,151.8,147.7,155.7,154.4,153.7,156.5,153.2,149.1,166.8,158.9,158.9,156,154.6,161,158.5,156.4,163.9,160,163,161,158.5,163.9,153.64,133.04
Punjab,104,103,104,105,105,104,104.5,105.3,105,104,104.9,105,105.2,105.56,106.5,105.8,106.9,107.4,108.3,108.7,109.1,109.5,109.4,109.3,110.5,110.2,110,111.7,111.7,111.4,111.5,111.3,112.2,112.9,111.6,111.4,107.83,114,111.8,111.7,111.1,112.3,111.3,115.4,115.9,111.8,113.2,118.6,117.9,117,117,117.7,118.1,115.4,112.5,114.7,116.3,115,118.4,118.3,114,115.6,118.3,118.7,118.8,118.5,117.8,121.5,118.8,119.5,120.3,118.8,117.3,116.2,120,119.1,121.1,119.9,121.5,119,121.7,119.9,120.5,122.4,121.4,120.7,120.7,120.8,121.1,122.8,120.3,122.8,119.1,120.9,122.4,119.5,123.1,123.5,123.4,122.1,122.6,120.3,123.1,121.9,122.2,124.8,121.9,120.4,122,119.5,121.34,122.1,122.2,123.3,122.9,121.7,121.6,121.9,126.7,126.7,126.6,122,123.4,126.7,126.7,123.6,125.7,125.5,123.7,122.3,123.1,122.5,126,122.8,123.1,122.5,124.6,123.7,122.1,123.7,123.7,122.8,122.2,122.2,125.3,126.6,123.3,123.76,124.1,124.5,125.7,125,123.7,124.3,126.6,126.4,125.5,127.1,127.4,128.2,124.7,127.5,126,124.5,126.2,128.4,128.2,128.5,130.4,127.8,126,129.4,128,128.2,128.4,129.5,129.6,129.6,127.4,129.8,130,129.4,127.2,131.1,127.34,127.7,131.8,130.4,128.3,130.9,131.3,131.9,129.8,129.4,132.3,130.5,130.8,129.7,128.3,132.4,131.7,130.5,131.7,128.1,128.4,131.2,133.3,132.3,133.1,132.6,130.9,131.3,132.5,130.2,131.4,131.9,132.2,133.3,131.1,129,133.6,130.99,133.2,130.8,134.1,128.4,133.8,132.3,134,132.6,129,134.4,129.7,129.6,133.1,134.4,134.8,132.3,135.3,136.9,129.5,129.5,133,137.6,131.9,133.2,133.2,132.6,134.3,138.4,139.3,139.3,139.4,135.3,138.5,134.3,139.9,139.7,134.1,139.5,140,134.1,139.3,139.7,134,134,132.7,140,133.2,132.9,139.3,134.6,134,134,132.2,135.3,135.1,133,136.6,137,137,137,136.6,136.1,138.1,135.7,138.2,135.7,136.7,137.3,136,136.5,135.3,136.7,137.1,136.13,137.7,137.8,139.4,140.5,140.3,138.1,139.3,141,140.4,140.3,141.1,138.8,139.1,142.2,142.2,142.3,138.5,145.5,143.4,143.6,141.6,139.9,147.3,140.4,144.9,140.9,143,160.4,148.5,142.4,142.5,157,157,142.95,162.5,162.7,163,162.4,145.5,161.4,163.2,163.2,164.8,164.8,149.2,147,141.5,147.9,147.9,163.6,150.7,163.4,162.5,152.3,151.9,157.1,165.7,165.3,164,156.7,159.2,159.2,148.1,147.9,152.2,151.5,149,153.3,154.5,155.6,152.2,151.5,153.3,156.41,129.6
Rajasthan,,,,,,,,,,,,,,,,,,,,,,,,,,,,,,,,,,,,,,,,,,,,,,,,,,,,,,,,,,,,,,,,,,,,,,,,,,,,,,,,,,,,,,,,,,,,,,,,,,,,,,,,,,,,,,,,,,,,,,,,,,,,,,,,,,,,,,,,,,,,,,,,,,,,,,,,,,,,,,,,,,,,,,,,,,,,,,,,,,,,,,,,,,,,,,,,,,,,,,,,,,,,,,,,,,,,,,,,,,,,,,,,,,,,,,,,,,,,,,,,,,,,,,,,,,,,,,,,,,,,,,,,,,,,,,,,,,,,,,,,,,,,,,,,,,,,,,,,,,,,,,,,,,,,,,,,,,,,,,,,,,,,,,,,,,,,,,,,,,,,,,,,,,,,,,,,143.1,,,,156.4,150.3,150.3,154.5,153.9,154.6,153.7,154.7,155.8,153.6,154.6,154.6,153.7,155.8,152.96,127.1
Sikkim,,,,,,,,,,,,,,,,,,,,,,,,,,,,,,,,,,,,,,,,,,,,,,,,,,,,,,,,,,,,,,,,,,,,,,,,,,,,,,,,,,,,,,,,,,,,,,,,,,,,,,,,,,,,,,,,,,,,,,,,,,,,,,,,,,,,,,,,,,,,,,,,,,,,,,,,,,,,,,,,,,,,,,,,,,,,,,,,,,,,,,,,,,,,,,,,,,,,,,,,,,,,,,,,,,,,,,,,,,,,,,,,,,,,,,,,,,,,,,,,,,,,,,,,,,,,,,,,,,,,,,,,,,,,,,,,,,,,,,,,,,,,,,,,,,,,,,,,,,,,,,,,,,,,,,,,,,,,,,,,,,,,,,,,,,,,,,,,,,,,,,,,,,,,,,,,161.2,,,,168.6,155.3,155.3,159.4,158.7,165.7,165.4,159.7,165.7,168.7,168.7,165.7,165.4,165.7,162.7,127.6
Tamil Nadu,105,104,104,107,108,106,103.9,104.6,109,105,105.5,108,107.5,106.47,110.5,108.9,108.5,106.9,111.3,109.4,107.9,109,110.4,112.2,110.1,111.5,113.3,111.5,114.3,113,112.8,114.4,114.8,115.4,114.1,115,109.42,116.2,115.5,115.8,115.9,116.2,117,118.1,119.3,117.3,117.1,120.9,121,121,121.2,121.3,120.9,119.7,118.2,118.8,121.4,120.3,120.9,121.2,119.8,121.7,122.6,121.1,121.9,120.9,123.3,125.4,120.8,123.6,125.2,120.8,124.2,120.18,123.7,120.7,127.4,124.3,126.6,121.4,128.7,125.1,124.6,125,128.9,125.4,125.4,126.5,125.4,125.5,124.7,128,120.7,125.1,126.7,122.9,126.9,130.2,128.6,127.5,127.7,124,125.3,127.6,124.8,131.5,128.6,124.6,129.1,122,125.86,128.4,129.1,125.1,129,127.9,129.3,127.1,131,130.1,130.1,124.5,126.6,130.7,130.9,128.6,131.6,131,130.1,129.7,128,129.7,132.4,129.3,130.8,131.8,130.9,126.1,130.5,131.2,128.5,131.7,128.5,127.7,132.4,132.9,128.1,129.48,130.2,132.3,134,133.9,132.2,133.8,133.1,134.4,131.6,133.7,131.1,136.1,136.3,136,136.1,130.1,137.3,130.2,130.3,130.9,136.7,136.7,131.8,136.4,131.2,138,130.9,136.2,137.4,137.9,131,130.4,131.2,130.7,131.7,137,133.58,132.5,137.4,139,133.1,140.1,138.1,138.4,131,137.9,138.9,138.5,139.1,138,133.3,137.9,139.3,139,138.6,134.4,133.7,139.8,139.2,139.1,138.8,139.6,139.8,138.8,140.9,136.7,139.5,140.2,140.6,140.8,140.6,131.1,139.9,137.88,142,139.3,140.7,131.8,141.9,140.6,141.4,137.4,132.6,141.8,133.3,133.6,141.2,143.2,143.1,137,143.1,146.2,133.6,134.4,141.3,145.7,137.5,142.5,142.5,138.4,141.2,145.3,146.9,146.6,146.3,142.1,148.1,138.3,146.6,145.9,140.93,145.4,146.7,139.4,148,146.2,140.1,140.8,142.3,147.8,138.9,139,145.8,137.8,140.7,140.8,142.1,141.7,139,143,142.3,142.4,140.7,141.6,141.7,140.1,141.8,147.2,143.5,140.6,148,143.4,141.3,142.3,146.1,143.3,143.9,142.66,143.2,142.8,144,145.3,143.9,148.3,147.7,144.9,148.5,145,142.7,146.4,148.5,144.9,148.7,148.3,143.8,149.2,149.1,149.1,146.8,143.9,149.9,150.1,150.5,152.2,154.5,150.2,151.1,155.3,152.8,151.4,151.4,148.01,154.5,156.6,157.6,152.7,152.9,147.2,154.3,154.3,156.4,156.4,153.8,153.9,144.7,155.6,156,159.5,155.6,155.1,149.1,156.9,157.1,172.2,160.9,156.1,149.4,163.8,163.8,163.8,163.4,164,163.4,163.8,163,163.3,163.5,163.3,163.4,163.8,163.3,157.72,134.46
Telangana,,,,,,,,,,,,,,,,,,,,,,,,,,,,,,,,,,,,,,,,,,,,,,,,117.4,118.4,119,,118.6,118.4,,,,,,118.8,118.1,,,,117.5,119,118.2,,122.3,118.9,120,121.4,118,,118.93,,119.1,125.5,,125,118.9,126.7,,,123.7,124.9,,,,,123.7,122.4,126.8,118.8,122.7,,120.1,124.2,129.8,126,,,123.7,124.5,,124,130.9,,123.1,126.6,120.3,123.97,,125.3,125.4,,126,,125.7,131,129.8,129.5,124.3,124.3,130.2,130.4,125.9,129.9,129.6,,126.4,127.3,,130.7,125.8,,,,124.5,,,125.7,,126.5,126.6,,131.9,127.8,127.52,130.1,,,,,,132.1,131.9,131.4,131.9,131.6,134.7,,,,130.5,,131.3,130.7,132.4,134.6,,132,133.5,132.4,,132.3,,,134.8,131.7,133.5,135,131.7,132.5,,132.39,132.8,,135.4,133.5,136.9,,,134.7,134.8,,135.3,,135.6,133.6,,,135.4,,133.5,133.6,,,,,,135.9,,,136,,,,,,134.3,,134.75,,,,135.7,,136.2,,136,135.3,,135.5,135.5,137.7,,,135.7,,,135.7,135.5,138.1,,137.6,138,138,137.1,137.5,,,,,138.4,,137.8,,,136.74,,,138.6,,,138.6,139.3,138,,138.3,138.2,,138.4,139.6,139.6,139.1,140.1,139.8,139.8,141.6,141.9,142.5,142.5,142.2,141.6,142.3,143.8,138.5,142.4,144.7,138.2,143.1,144.1,142.9,138.7,139.1,140.58,144.8,142.3,146.3,138.2,146.6,145.3,143.5,138.4,144.4,138.2,148.2,141.7,144.8,139.1,144.4,143.2,139.7,143.3,144.1,144.6,140.2,147.1,144.4,145.9,145.6,147.8,150.8,157.7,145.2,151.4,150.6,,,144.77,157.9,158.3,158.3,157.9,148,157.8,,,,,148.2,151.1,140.2,151.4,151.5,160.9,151.8,159.1,158.5,151.7,152.1,159.2,164.6,161.8,160.8,164,161.9,161.9,158.9,158.6,161.3,160.6,159.4,161.5,163,164.3,161.3,160.6,161.5,157.39,129.81
Tripura,105,105,105,107,108,107,105,105.3,108,107,107.8,109,108.8,107.41,109.8,108.2,109.1,107.2,111.2,110.4,108.2,108.9,110.8,111.5,109.5,111.5,112.3,110.8,110.8,111.6,114.3,115.6,111.7,112.7,114,111.9,109.37,114.2,114.9,113.8,112.3,114.3,114.6,115.3,116.3,114.9,114.8,127.9,128.3,129.3,116.9,128.2,127.4,114.8,115,114.9,114.9,114.3,128.5,126.8,114.8,114.2,117.6,126.3,129.6,126.7,116.8,130.3,127,130.2,130.6,126.4,116.5,120.54,118.7,126.5,131.3,117.5,131,128,132.2,117.1,119.3,131,133.2,116.7,116.7,115.7,120.7,132.2,128.8,131.8,127.5,129.1,121.6,128.6,134.2,132.2,133.5,118.6,122.3,128.2,132.3,116.6,130.3,132.4,117.5,128.7,132.6,128,126.18,118.1,133,132.4,122.8,132.5,116.5,132,132.8,134,132.2,130.1,133.5,132.6,134.7,133,132.7,133.6,123.6,132.8,133,118.5,132.7,132.9,118.9,117.2,124.3,133.2,116.9,118.7,132.8,116.6,132.9,132.4,124.6,133.4,133.4,128.48,134,118.9,125.1,119.4,116.7,117.3,134.2,134.2,134.8,134.3,136.1,134.6,118.6,126.9,120.9,134.6,119.9,136.7,136.5,138.1,135.4,122.4,135.7,136.8,137.3,120.7,138.6,129.1,123.4,138,138.2,138.2,140,137.4,137.1,130.6,130.85,137.5,134.7,139.5,137.1,139.7,129.9,140.4,139.9,138.7,141.7,139.1,128.1,138.9,138.1,137.7,137.3,139.4,142.1,138.3,138.5,135.6,143.4,135.5,141.1,140.1,139.4,137.4,142.3,138.8,137.4,138.9,134.7,142.8,135.6,139.8,137.6,138.25,142.4,136.3,144,138.6,143.1,140.2,136.3,139.6,139.2,145.1,138.4,139.4,142.1,144.2,145,140.8,147.2,146.8,140,139.7,143.5,147.6,140.2,145.6,145.6,142.4,143.7,149.6,147.6,148.6,151.1,145,152,141,148.9,149.5,143.62,151,149.7,143.3,150.8,150.4,143.3,144.1,144,150.3,142.8,143.5,152.1,142.2,143.7,144.1,143.5,144.8,143.9,144.3,146.3,147,144.7,144.6,145.6,144.1,149.2,146.7,149.2,145.2,147.7,147.7,145.7,145.8,145.8,147.7,148.5,146.2,146.4,148.9,147.8,150,148.2,149,152.8,149,155.4,149.2,151.1,151.1,149.9,150.4,156.6,154.9,148.5,159.2,158.1,157.2,153,150.2,159.7,152.2,158.3,154.8,155,167.7,160.4,156.6,153.8,,,153.4,178.5,185.8,183.5,180.6,159.8,169.4,,,,,161.5,157.3,149.6,158.4,162,184.1,158.5,180,171.3,163.9,159.6,151,183.5,179.8,171.9,178.9,150.3,150.3,166,163.9,173.5,172.1,167,175.8,175,176.1,173.5,172.1,175.8,168.72,135.97
Uttar Pradesh,103,103,103,104,105,104,103.9,105.3,105,103,104.2,103,104.3,105.04,105.7,104.9,106.2,107.1,108.3,108.4,108.7,109.7,110,110.2,110.5,111.3,111.8,111.5,110.7,111.5,113,113.9,111.1,112,113.9,112.9,107.75,113,115.2,113.2,114.2,113.5,114.4,114.6,115.5,114.3,114.4,118,116.5,113.9,116.8,113.2,113.2,117.5,115.2,116.2,118.5,118.6,113.8,116.1,117.1,119.5,118.8,117.8,114.1,116.1,120.4,116.8,116.7,115.5,115.5,117.8,121.3,116.03,120.3,118.4,116.9,121.7,117.1,116.7,117.4,122.5,120.8,117.7,117.7,123.2,123.2,124.5,120.9,117.9,118.4,118.3,118.2,119.4,121.6,117.5,118.9,119.7,119.8,123.2,121.6,120.1,121.3,125.1,120.8,119.9,124.1,120.9,120.5,118.7,120.14,123,120.9,123.3,121.9,119.8,123.8,120.1,122,121.4,120.9,122.6,122,121,121.9,121.9,119.7,120,122.7,122.4,121.2,124.1,119.9,122.8,124.7,125.8,123.5,123.8,125.3,124.8,123.2,125.6,121.6,121.9,124,120.4,123,122.41,122.4,125.1,123.8,125.3,125.7,126.2,121.2,121.6,123,121.6,125,124.1,127.8,125.3,126.9,124,130.1,125.2,125.5,125.8,126.6,129.3,124.9,127,126.8,131.6,126.2,127.9,130.7,128.6,124.9,127.7,128.6,128,124.5,129.2,126.06,124.5,129.4,129.5,124.8,131,132.5,128.8,128.7,129,129.2,129.4,134.3,128.9,125.2,130.1,133.8,129.5,129.2,125.4,125.5,136.4,130.2,133.2,131.8,134.8,131.1,133.5,138.4,127.2,134.2,137.4,134.9,136,137,127.8,136,131.07,138.7,136.2,131.8,127.4,136.4,131.3,138.4,129.5,127.3,132.3,127.4,127.6,133.2,139.3,137.1,129.8,133.1,141.1,127.8,127.6,133.9,139,129.1,133.5,133.4,130,134.4,135.2,143.3,140.8,136.4,135.2,134.7,131.3,143.5,140.7,134.1,135.8,143.9,132.2,140.3,140.9,132.3,132.1,132.6,143.5,131.3,130.6,135.5,131.4,131.7,131.7,132.7,132.2,130.8,134.5,134,134.4,133.9,133.9,132.7,132.8,134.7,137,135.5,131.5,138.6,134.9,131.4,132.1,137.8,135,136,134.51,132.8,136.5,134.5,136.9,134.7,140.1,138.4,136.2,140.2,136.4,134.9,137.7,141.5,136.7,141.3,139.3,137.1,142,141.2,142.4,137.7,137.2,142.9,143.2,144.3,144.3,141.3,151.1,144.9,143.8,142.6,148.9,148.9,140.36,153.1,155.2,154.4,154.2,145.1,152.5,150.1,150.1,150.9,150.9,145.6,145,137.6,145.4,146.4,159,146.4,157.5,155.1,147.9,147.8,153.9,160.3,158.7,156.2,158.2,154.4,154.4,156.6,155.9,155.5,153.5,158.5,158.3,152.1,154.9,155.5,153.5,158.3,152.54,128.4
Uttarakhand,,,,,,,,,,,,,,,,,,,,,,,,,,,,,,,,,,,,,,,,,,,,,,,,,,,,,,,,,,,,,,,,,,,,,,,,,,,,,,,,,,,,,,,,,,,,,,,,,,,,,,,,,,,,,,,,,,,,,,,,,,,,,,,,,,,,,,,,,,,,,,,,,,,,,,,,,,,,,,,,,,,,,,,,,,,,,,,,,,,,,,,,,,,,,,,,,,,,,,,,,,,,,,,,,,,,,,,,,,,,,,,,,,,,,,,,,,,,,,,,,,,,,,,,,,,,,,,,,,,,,,,,,,,,,,,,,,,,,,,,,,,,,,,,,,,,,,,,,,,,,,,,,,,,,,,,,,,,,,,,,,,,,,,,,,,,,,,,,,,,,,,,,,,,,,,,166.2,,,,157.5,165.4,165.4,153.6,152.3,154.4,152.5,155.8,156.9,154.2,154.9,154.4,152.5,156.9,157.43,125.5
West Bengal,104,104,104,107,108,107,104.8,105.2,108,107,107.7,109,110,108.76,113.3,111.5,110.6,107,115.3,112.4,108.6,109.6,114.5,118.2,109.9,115.2,119.3,110.4,109.8,110,115.4,119.3,111,112.4,115,113.4,110.46,113.3,118.8,114.4,116.1,115.6,117.1,115.2,116.5,118,116.3,120.2,119.5,118.8,118.6,119,119.8,119.9,118.7,118.3,122.2,122.6,119.3,119.2,120.7,124.9,119.1,119.3,119.6,119.9,123.3,121.6,119.4,120.1,120.9,119.9,126.6,119.24,120,119.5,123.9,124.8,124.8,119.6,124.1,128.5,121.1,123.5,123,126.2,126.2,130.1,121.7,123.9,121.1,125.9,119.6,122.3,121.9,119.8,124.4,127.1,123.7,127.2,123.1,121.2,125.3,131.1,124.6,126.9,131.3,122.9,125.3,119.6,124.03,127.8,124.3,126.6,124.8,125.1,131.5,125.6,127.9,128.3,129,125.5,125.4,129.7,129.2,124.7,127.2,127.4,125.8,126.3,126.7,128.2,127.7,125.5,128.9,131.3,125.5,126.3,130.8,128.7,125.6,131.2,126.2,126.4,126.7,127.8,127.5,127.31,127.9,129.5,127.9,130.3,131.7,132.1,128.2,128.8,128.6,128.8,130,130.4,134.9,129.8,132.7,128.6,136.2,131.5,130.8,132.2,132,133.9,130.2,132.5,131.8,138.3,131.6,130.9,135.8,134.8,129.9,133.7,134.4,133,129.3,132.5,131.54,129.4,133.7,134.7,129.2,135.7,138.3,137.3,133.7,136.5,136.8,135.5,141.9,136.6,129.5,135.8,141,136.6,136.9,130.1,129.6,144.3,136.8,141,137.8,141.7,137.5,142.2,146.2,131.6,142.5,145.4,145,142.8,146.9,132.1,143.8,137.68,147.2,146,138.4,131.1,143.6,137.2,148.5,134,130.9,138.9,130.5,130.6,137.8,147.8,144.5,134.2,140.2,149.8,130.4,131.2,138.6,146.4,132.6,138,138,135.9,139.5,142.1,150.8,147.4,143.1,139.5,142.7,135.7,151.5,148,140.07,143.4,151.9,137.7,147.9,148.2,137.6,137.6,138.3,152,138.2,138.8,143.3,135.8,140.2,140.2,139.2,140.3,136.9,141.3,141.2,142.5,139.7,140.2,139.3,139.7,142.5,141.7,141.6,140.8,142.5,140.8,141.4,142.6,142.6,141,142.4,141.43,143,142.6,144.3,143.4,145.9,143.6,143.3,143.1,144.1,142.7,145.1,143.3,145.5,144.9,145.2,144.7,143.1,146.7,145.5,146.7,143.9,145.3,147.7,146.9,148.7,148.7,150.2,147.7,150.4,149.6,150.9,,,145.7,151.7,167.8,154.7,162,150.7,154.1,,,,,152.4,152.4,146.5,153.3,152.6,164.8,153.7,158.8,150.7,155.2,156,160.5,165.9,160,152,167.2,165,165,160.6,160.6,161.7,160.4,162.9,165.2,160.2,162.6,161.7,160.4,165.2,158.35,133.14
